<?xml version="1.0" encoding="UTF-8"?>
<project-private xmlns="http://www.netbeans.org/ns/project-private/1">
    <editor-bookmarks xmlns="http://www.netbeans.org/ns/editor-bookmarks/2" lastBookmarkId="0"/>
    <open-files xmlns="http://www.netbeans.org/ns/projectui-open-files/2">
        <group>
            <file>file:/F:/PROJECT/java_ooje_v1-0_project_2010/OOJEv10_2010/src/oojev10_2010/OOJEv10_2010.java</file>
            <file>file:/F:/PROJECT/java_ooje_v1-0_project_2010/OOJEv10_2010/src/oojev10_2010/Payment.java</file>
            <file>file:/F:/PROJECT/java_ooje_v1-0_project_2010/OOJEv10_2010/src/oojev10_2010/Employee.java</file>
        </group>
    </open-files>
</project-private>
