<?xml version="1.0"?>
<data grt_format="2.0">
  <value _ptr_="054EAF50" type="list" content-type="object" content-struct-name="db.mgmt.Connection">
    <value type="object" struct-name="db.mgmt.Connection" id="{5D962D1A-404C-4B89-BB11-FB9EF7532C65}" struct-checksum="0x96ba47d8">
      <link type="object" struct-name="db.mgmt.Driver" key="driver">com.mysql.rdbms.mysql.driver.native</link>
      <value type="string" key="hostIdentifier">Mysql@localhost:3306</value>
      <value type="int" key="isDefault">0</value>
      <value _ptr_="08164D80" type="dict" key="modules"/>
      <value _ptr_="08164D00" type="dict" key="parameterValues">
        <value type="string" key="hostName">localhost</value>
        <value type="int" key="lastConnected">1411678902</value>
        <value type="int" key="port">3306</value>
        <value type="string" key="serverVersion">5.1.72-community</value>
        <value type="string" key="userName">root</value>
      </value>
      <value type="string" key="name">Local instance wampmysqld</value>
    </value>
  </value>
</data>
