<?xml version="1.0"?>
<data grt_format="2.0">
  <value _ptr_="054EBB20" type="list" content-type="object" content-struct-name="db.mgmt.ServerInstance">
    <value type="object" struct-name="db.mgmt.ServerInstance" id="{B9E83655-A6CA-4F18-B276-F821215D0249}" struct-checksum="0x367436e2">
      <link type="object" struct-name="db.mgmt.Connection" key="connection">{5D962D1A-404C-4B89-BB11-FB9EF7532C65}</link>
      <value _ptr_="0938BDE0" type="dict" key="loginInfo">
        <value type="string" key="wmi.hostName"></value>
        <value type="string" key="wmi.userName"></value>
      </value>
      <value _ptr_="08164D40" type="dict" key="serverInfo">
        <value type="int" key="setupPending">1</value>
        <value type="string" key="sys.config.path"></value>
        <value type="string" key="sys.config.section">mysqld</value>
        <value type="string" key="sys.mysqld.service_name">wampmysqld</value>
        <value type="string" key="sys.preset">Custom</value>
        <value type="string" key="sys.system">Windows</value>
        <value type="int" key="windowsAdmin">1</value>
      </value>
      <value type="string" key="name">Local wampmysqld</value>
      <link type="object" struct-name="GrtObject" key="owner">{97ACEE30-193D-4C2D-B45F-6C758A503D7E}</link>
    </value>
    <value type="object" struct-name="db.mgmt.ServerInstance" id="{6D71A6F9-9452-46C0-817B-A26367C3A9F1}" struct-checksum="0x367436e2">
      <link type="object" struct-name="db.mgmt.Connection" key="connection">{5D962D1A-404C-4B89-BB11-FB9EF7532C65}</link>
      <value _ptr_="08164C80" type="dict" key="loginInfo">
        <value type="string" key="wmi.hostName"></value>
        <value type="string" key="wmi.userName"></value>
      </value>
      <value _ptr_="08164CC0" type="dict" key="serverInfo">
        <value type="int" key="setupPending">1</value>
        <value type="string" key="sys.config.path">C:\Program Files\MySQL\MySQL Server 5.1\my.ini</value>
        <value type="int" key="sys.config.path.lock">1</value>
        <value type="string" key="sys.config.section">mysqld</value>
        <value type="string" key="sys.mysqld.service_name">MySQL</value>
        <value type="string" key="sys.preset">Custom</value>
        <value type="string" key="sys.system">Windows</value>
        <value type="int" key="windowsAdmin">1</value>
      </value>
      <value type="string" key="name">Local MySQL</value>
      <link type="object" struct-name="GrtObject" key="owner">{97ACEE30-193D-4C2D-B45F-6C758A503D7E}</link>
    </value>
  </value>
</data>
